"10350345_10203855749807070_7552782389824012083_n.jpg","8","0"
"10485403_667036896717779_2023176632286021186_o.jpg","3","0"
"10485408_10205082619248450_8510886160065799897_o.jpg","8","0"
"10517352_10205082615088346_5680299366956674339_o.jpg","8","0"
"10531438_667037260051076_6103020110510194124_o.jpg","3","0"
"10535670_667036783384457_1766702200382550729_o.jpg","3","0"
"10562518_667036973384438_8286220240704442783_o.jpg","3","0"
"10582818_10205041595782889_3050268279557395572_o.jpg","9","0"
"10623368_10205082613008294_3565517302286911233_o.jpg","8","0"
"10623431_10205082616008369_8118943725032076564_o.jpg","8","0"
"10628310_10203855746886997_4186231496426850448_n.jpg","8","0"
"10635796_10203855750607090_6354827424810939481_n.jpg","8","0"
"10645040_10203855748487037_7902000063247328629_n.jpg","8","0"
"10653397_10203855747927023_4022087416633979441_n.jpg","8","0"
"10661773_336012996565422_8891288301956135475_o.jpg","4","1"
"10662011_10205082617528407_4131072999407725236_o.jpg","8","1"
"10669005_10205041587222675_2476987027363224660_o.jpg","9","0"
"10688035_10205041630903767_1775833278586800830_o.jpg","9","1"
"10698663_10203855746966999_7160077393317023619_n.jpg","8","0"
"10701961_10203855749687067_9090753294704002244_n.jpg","8","0"
"10712767_10203855748647041_454435903433674183_n.jpg","8","0"
"1540364_10205041623063571_3486210003430757705_o.jpg","9","0"
"1941472_667037266717742_950286103464010497_o.jpg","3","0"
"corco_welcome.jpg","1","1"
"P8100038.JPG","2","0"
"P8100039.JPG","2","0"
"P8100040.JPG","2","1"
"P8100041.JPG","2","0"
"P8100042.JPG","2","0"
"P8100045.JPG","2","0"
"P8100046.JPG","2","0"
"P8100047.JPG","2","0"
"P8100048.JPG","2","0"
"P8100068.JPG","3","0"
"P8100069.JPG","3","0"
"P8100070.JPG","3","0"
"P8100072.JPG","3","0"
"P8100074.JPG","3","0"
"P8100075.JPG","3","0"
"P8100076.JPG","3","0"
"P8100077.JPG","3","0"
"P8100081.JPG","3","0"
"P8100082.JPG","3","0"
"P8100085.JPG","3","0"
"P8100088.JPG","3","0"
"P8100089.JPG","3","0"
"P8100092.JPG","3","0"
"P8100095.JPG","3","0"
"P8100097.JPG","3","0"
"P8100098.JPG","3","0"
"P8100099.JPG","3","0"
"P8100100.JPG","3","0"
"P8100101.JPG","3","0"
"P8100102.JPG","3","0"
"P8100103.JPG","3","0"
"P8100107.JPG","3","0"
"P8100119.JPG","3","0"
"P8100121.JPG","3","0"
"P8100122.JPG","3","1"
"P8100123.JPG","3","0"
"P8100126.JPG","3","0"
"P8100127.JPG","3","0"
"P8100128.JPG","3","0"
"P8100129.JPG","3","0"
"P8100132.JPG","3","0"
"P8100133.JPG","3","0"
"P8100136.JPG","3","0"
"P8100147.JPG","3","0"
"P8100153.JPG","3","0"
"P8100156.JPG","3","0"
"P8100178.JPG","3","0"
"P8100179.JPG","3","0"
"P8100183.JPG","3","0"
"P8160203.JPG","5","0"
"P8170227.JPG","5","0"
"P8170228.JPG","5","0"
"P8170229.JPG","5","0"
"P8170230.JPG","5","0"
"P8170231.JPG","5","0"
"P8170232.JPG","5","0"
"P8170233.JPG","5","0"
"P8170235.JPG","5","0"
"P8170237.JPG","5","0"
"P8170239.JPG","5","0"
"P8170240.JPG","5","0"
"P8170243.JPG","5","1"
"P8170253.JPG","5","0"
"P8170256.JPG","5","0"
"P8170259.JPG","5","0"
"P8170261.JPG","5","0"
"P8170263.JPG","5","0"
"P8170264.JPG","5","0"
"P8170265.JPG","5","0"
"P8170273.JPG","5","0"
"P8170275.JPG","5","0"
"P8170276.JPG","5","0"
"P8170295.JPG","5","0"
"P8170297.JPG","5","0"
"P8170301.JPG","5","0"
"P8170305.JPG","5","0"
"P8170306.JPG","5","0"
"P8230007.JPG","6","0"
"P8230008.JPG","6","0"
"P8230010.JPG","6","0"
"P8230012.JPG","6","0"
"P8230013.JPG","6","0"
"P8230021.JPG","6","0"
"P8230022.JPG","6","0"
"P8230028.JPG","6","0"
"P8230029.JPG","6","0"
"P8230032.JPG","6","0"
"P8230037.JPG","6","0"
"P8230038.JPG","6","0"
"P8230039.JPG","6","0"
"P8230040.JPG","6","0"
"P8230044.JPG","6","0"
"P8230046.JPG","6","0"
"P8230047.JPG","6","0"
"P8230050.JPG","6","0"
"P8230053.JPG","6","0"
"P8230057.JPG","6","0"
"P8230060.JPG","6","0"
"P8230074.JPG","6","0"
"P8230082.JPG","6","0"
"P8230110.JPG","6","1"
"P8230114.JPG","6","0"
"P8230129.JPG","6","0"
"P8230138.JPG","6","0"
"P8230141.JPG","6","0"
"P8230146.JPG","6","0"
"P8290179.JPG","4","0"
"P8290182.JPG","4","0"
"P8290184.JPG","4","0"
"P8290185.JPG","4","0"
"P8290186.JPG","4","0"
"P8300204.JPG","4","0"
"P8300207.JPG","4","0"
"P8300209.JPG","4","0"
"P8300211.JPG","4","0"
"P8300213.JPG","4","0"
"P8300215.JPG","4","0"
"P8300216.JPG","4","0"
"P8300218.JPG","4","0"
"P8310227.JPG","4","0"
"P8310234.JPG","4","0"
"P8310236.JPG","4","0"
"P8310238.JPG","4","0"
"P8310240.JPG","4","0"
"P8310241.JPG","4","0"
"P8310244.JPG","4","0"
"P8310245.JPG","4","0"
"P9060269.JPG","7","0"
"P9060270.JPG","7","0"
"P9060275.JPG","7","0"
"P9060277.JPG","7","0"
"P9060279.JPG","7","0"
"P9060283.JPG","7","0"
"P9060286.JPG","7","0"
"P9060288.JPG","7","0"
"P9060289.JPG","7","0"
"P9060290.JPG","7","0"
"P9060291.JPG","7","0"
"P9060292.JPG","7","0"
"P9060294.JPG","7","0"
"P9060296.JPG","7","0"
"P9060300.JPG","7","0"
"P9060301.JPG","7","0"
"P9060303.JPG","7","0"
"P9060305.JPG","7","0"
"P9060306.JPG","7","0"
"P9060308.JPG","7","0"
"P9060309.JPG","7","0"
"P9060311.JPG","7","0"
"P9060313.JPG","7","0"
"P9060318.JPG","7","0"
"P9060321.JPG","7","0"
"P9060323.JPG","7","0"
"P9060326.JPG","7","0"
"P9060330.JPG","7","0"
"P9060331.JPG","7","0"
"P9060341.JPG","7","1"
